code,term
10724911000001106,Fentanyl 50micrograms/hour transdermal patches
10725111000001107,Fentanyl 75micrograms/hour transdermal patches
10725311000001109,Fentanyl 100micrograms/hour transdermal patches
11085311000001109,Matrifen 50micrograms/hour transdermal patches
11085711000001108,Matrifen 75micrograms/hour transdermal patches
11085911000001105,Matrifen 100micrograms/hour transdermal patches
11492611000001102,Transtec 52.5micrograms/hour transdermal patches
11492811000001103,Transtec 70micrograms/hour transdermal patches
11929811000001101,OxyContin 40mg modified-release tablets
11930011000001101,OxyContin 80mg modified-release tablets
12874911000001104,Fentalis Reservoir 50micrograms/hour transdermal patches
12875011000001104,Fentalis Reservoir 75micrograms/hour transdermal patches
12875111000001103,Fentalis Reservoir 100micrograms/hour transdermal patches
12882011000001103,Mezolar Matrix 50micrograms/hour transdermal patches
12882411000001107,Mezolar Matrix 75micrograms/hour transdermal patches
12882611000001105,Mezolar Matrix 100micrograms/hour transdermal patches
13440811000001103,Fentanyl 50micrograms/hour transdermal patches
13441011000001100,Fentanyl 75micrograms/hour transdermal patches
13441211000001105,Fentanyl 100micrograms/hour transdermal patches
13567711000001108,Osmach 50micrograms/hour transdermal patches
13567911000001105,Osmach 75micrograms/hour transdermal patches
13568111000001108,Osmach 100micrograms/hour transdermal patches
14009111000001102,Transtec 52.5micrograms/hour transdermal patches
14009711000001101,Transtec 70micrograms/hour transdermal patches
14675111000001101,Transtec 52.5micrograms/hour transdermal patches
14683811000001104,Transtec 70micrograms/hour transdermal patches
14930611000001104,Filnarine SR 200mg tablets
15024011000001104,Fentanyl 50micrograms/hour transdermal patches
15024211000001109,Fentanyl 75micrograms/hour transdermal patches
15024411000001108,Fentanyl 100micrograms/hour transdermal patches
15049811000001106,Durogesic DTrans 50micrograms/hour transdermal patches
15050011000001105,Durogesic DTrans 75micrograms/hour transdermal patches
15050211000001100,Durogesic DTrans 100micrograms/hour transdermal patches
15084611000001104,Fentanyl 100micrograms/hour transdermal patches
15085911000001109,Fentanyl 50micrograms/hour transdermal patches
15086111000001100,Fentanyl 75micrograms/hour transdermal patches
15234311000001109,Morphine 100mg modified-release tablets
15234911000001105,Morphine 60mg modified-release tablets
15302611000001107,Osmanil 50micrograms/hour transdermal patches
15302811000001106,Osmanil 75micrograms/hour transdermal patches
15303011000001109,Osmanil 100micrograms/hour transdermal patches
15363411000001101,Victanyl 50micrograms/hour transdermal patches
15363611000001103,Victanyl 75micrograms/hour transdermal patches
15363811000001104,Victanyl 100micrograms/hour transdermal patches
15851311000001104,Targinact 40mg/20mg modified-release tablets
15852811000001104,Oxycodone 40mg / Naloxone 20mg modified-release tablets
16220211000001105,OxyContin 40mg modified-release tablets
16220411000001109,OxyContin 80mg modified-release tablets
16565811000001101,Durogesic DTrans 50micrograms/hour transdermal patches
16566011000001103,Durogesic DTrans 75micrograms/hour transdermal patches
16566211000001108,Durogesic DTrans 100micrograms/hour transdermal patches
16653011000001108,Morphine 60mg modified-release tablets
16653211000001103,Morphine 100mg modified-release tablets
16653411000001104,Morphine 200mg modified-release tablets
17345411000001109,OxyContin 40mg modified-release tablets
17345611000001107,OxyContin 80mg modified-release tablets
17468211000001102,Transtec 52.5micrograms/hour transdermal patches
17906211000001101,Fentanyl 50micrograms/hour transdermal patches
17906411000001102,Fentanyl 75micrograms/hour transdermal patches
17906611000001104,Fentanyl 100micrograms/hour transdermal patches
18068611000001101,Transtec 52.5micrograms/hour transdermal patches
18068811000001102,Transtec 70micrograms/hour transdermal patches
18177311000001107,Transtec 70micrograms/hour transdermal patches
18575311000001107,Durogesic DTrans 100micrograms/hour transdermal patches
18575911000001108,Durogesic DTrans 50micrograms/hour transdermal patches
18576111000001104,Durogesic DTrans 75micrograms/hour transdermal patches
18604511000001101,OxyContin 40mg modified-release tablets
18604911000001108,OxyContin 80mg modified-release tablets
18641711000001104,OxyContin 120mg modified-release tablets
18643311000001102,OxyContin 60mg modified-release tablets
18645511000001107,Oxycodone 120mg modified-release tablets
18664411000001101,Palexia SR 150mg tablets
18664711000001107,Palexia SR 200mg tablets
18665211000001104,Palexia SR 250mg tablets
18671911000001101,Tapentadol 150mg modified-release tablets
18672011000001108,Tapentadol 200mg modified-release tablets
18672111000001109,Tapentadol 250mg modified-release tablets
19487111000001100,Fencino 50micrograms/hour transdermal patches
19487311000001103,Fencino 75micrograms/hour transdermal patches
19487511000001109,Fencino 100micrograms/hour transdermal patches
19962711000001101,Durogesic DTrans 50micrograms/hour transdermal patches
19962911000001104,Durogesic DTrans 75micrograms/hour transdermal patches
19963111000001108,Durogesic DTrans 100micrograms/hour transdermal patches
20938111000001106,Longtec 40mg modified-release tablets
20938311000001108,Longtec 80mg modified-release tablets
20969211000001103,Oxylan 40mg modified-release tablets
20969411000001104,Oxylan 80mg modified-release tablets
21516511000001109,Candox 80mg modified-release tablets
21516811000001107,Candox 40mg modified-release tablets
219511000001108,Filnarine SR 100mg tablets
22379811000001105,OxyContin 60mg modified-release tablets
22420411000001106,Oxylan 40mg modified-release tablets
22420911000001103,Oxylan 80mg modified-release tablets
23020811000001107,Dolocodon PR 40mg tablets
23446411000001102,Hapoctasin 52.5micrograms/hour transdermal patches
23446611000001104,Hapoctasin 70micrograms/hour transdermal patches
23449811000001106,Opiodur 75micrograms/hour transdermal patches
23450011000001105,Opiodur 100micrograms/hour transdermal patches
23450311000001108,Opiodur 50micrograms/hour transdermal patches
23595111000001100,Fentanyl 50micrograms/hour transdermal patches
23595511000001109,Fentanyl 75micrograms/hour transdermal patches
23595711000001104,Fentanyl 100micrograms/hour transdermal patches
24099711000001102,Targinact 40mg/20mg modified-release tablets
24467711000001101,Reltebon 40mg modified-release tablets
24467911000001104,Reltebon 80mg modified-release tablets
24559211000001101,Oxycodone 40mg modified-release tablets
24559411000001102,Oxycodone 80mg modified-release tablets
24560611000001100,Mylafent 50micrograms/hour transdermal patches
24560811000001101,Mylafent 75micrograms/hour transdermal patches
24561011000001103,Mylafent 100micrograms/hour transdermal patches
24567511000001100,Oxycodone 40mg modified-release tablets
24567911000001107,Oxycodone 80mg modified-release tablets
27993311000001101,Reltebon 60mg modified-release tablets
2836411000001102,Durogesic 50micrograms transdermal patches
2836711000001108,Durogesic 75micrograms transdermal patches
2838111000001106,Durogesic 100micrograms transdermal patches
28489811000001100,Buprenorphine 52.5micrograms/hour transdermal patches
28490011000001102,Buprenorphine 70micrograms/hour transdermal patches
2883211000001103,MST Continus 60mg tablets
2883611000001101,MST Continus 100mg tablets
2897211000001106,OxyContin 40mg modified-release tablets
2898111000001104,OxyContin 80mg modified-release tablets
29676711000001106,Oxeltra 80mg modified-release tablets
29677411000001103,Oxeltra 60mg modified-release tablets
29677611000001100,Oxeltra 40mg modified-release tablets
29838211000001107,Longtec 120mg modified-release tablets
29838811000001108,Longtec 60mg modified-release tablets
30002211000001101,Yemex 50micrograms/hour transdermal patches
30002711000001108,Yemex 75micrograms/hour transdermal patches
30003011000001102,Yemex 100micrograms/hour transdermal patches
30028111000001103,Buprenorphine 52.5micrograms/hour transdermal patches
30028311000001101,Buprenorphine 70micrograms/hour transdermal patches
30055211000001103,Fentanyl 50micrograms/hour transdermal patches
30055411000001104,Fentanyl 75micrograms/hour transdermal patches
30055611000001101,Fentanyl 100micrograms/hour transdermal patches
30720811000001109,Abtard 40mg modified-release tablets
30721411000001103,Abtard 60mg modified-release tablets
30721711000001109,Abtard 80mg modified-release tablets
32133511000001104,Zomestine 80mg modified-release tablets
32136711000001102,Zomestine 40mg modified-release tablets
32196811000001100,Carexil 40mg modified-release tablets
32197311000001107,Carexil 80mg modified-release tablets
32484411000001105,Bupeaze 52.5micrograms/hour transdermal patches
32484611000001108,Bupeaze 70micrograms/hour transdermal patches
32643211000001102,Prenotrix 52.5micrograms/hour transdermal patches
32643711000001109,Prenotrix 70micrograms/hour transdermal patches
32904611000001109,Oxycodone 40mg modified-release tablets
32904811000001108,Oxycodone 80mg modified-release tablets
33546411000001107,Buplast 52.5micrograms/hour transdermal patches
33548111000001103,Buplast 70micrograms/hour transdermal patches
33629811000001105,Leveraxo 40mg modified-release tablets
33630011000001105,Leveraxo 60mg modified-release tablets
33630211000001100,Leveraxo 80mg modified-release tablets
34051311000001106,Onexila XL 40mg tablets
34052211000001105,Onexila XL 80mg tablets
34172111000001105,Relevtec 70micrograms/hour transdermal patches
34172311000001107,Relevtec 52.5micrograms/hour transdermal patches
3448811000001101,Transtec 52.5micrograms/hour transdermal patches
3449311000001104,Transtec 70micrograms/hour transdermal patches
34627111000001107,Oxycodone 60mg modified-release tablets
34911911000001105,Turgeon 52.5micrograms/hour transdermal patches
34912111000001102,Turgeon 70micrograms/hour transdermal patches
35359511000001107,Opiodur 50micrograms/hour transdermal patches
35359711000001102,Opiodur 75micrograms/hour transdermal patches
35359911000001100,Opiodur 100micrograms/hour transdermal patches
35542911000001106,Renocontin 40mg modified-release tablets
35543311000001100,Renocontin 60mg modified-release tablets
35543911000001104,Carlosafine 52.5micrograms/hour transdermal patches
35544111000001100,Carlosafine 70micrograms/hour transdermal patches
35847011000001108,Oxypro 40mg modified-release tablets
35847211000001103,Oxypro 60mg modified-release tablets
35847411000001104,Oxypro 80mg modified-release tablets
35857911000001109,Ixyldone 40mg modified-release tablets
35858711000001108,Ixyldone 60mg modified-release tablets
35859011000001101,Ixyldone 80mg modified-release tablets
35913811000001106,Buprenorphine 52.5micrograms/hour transdermal patches
35913911000001101,Buprenorphine 70micrograms/hour transdermal patches
36057211000001102,Hydromorphone 16mg modified-release capsules
36057311000001105,Hydromorphone 24mg modified-release capsules
36119911000001103,Fentanyl 100micrograms/hour transdermal patches
36120211000001106,Fentanyl 50micrograms/hour transdermal patches
36120311000001103,Fentanyl 75micrograms/hour transdermal patches
36125811000001101,Morphine 100mg modified-release capsules
36126211000001108,Morphine 100mg modified-release tablets
36126611000001105,Morphine 120mg modified-release capsules
36126711000001101,Morphine 150mg modified-release capsules
36126911000001104,Morphine 200mg modified-release capsules
36127011000001100,Morphine 200mg modified-release tablets
36127611000001107,Morphine 60mg modified-release capsules
36127711000001103,Morphine 60mg modified-release tablets
36127811000001106,Morphine 90mg modified-release capsules
36130911000001104,Oxycodone 40mg modified-release tablets
36131311000001105,Oxycodone 60mg modified-release tablets
36131511000001104,Oxycodone 80mg modified-release tablets
37354511000001107,Durogesic DTrans 50micrograms/hour transdermal patches
37355011000001100,Durogesic DTrans 75micrograms/hour transdermal patches
37355511000001108,Durogesic DTrans 100micrograms/hour transdermal patches
37375011000001102,Transtec 52.5micrograms/hour transdermal patches
37375211000001107,Transtec 70micrograms/hour transdermal patches
37381811000001103,Matrifen 50micrograms/hour transdermal patches
37385611000001104,Matrifen 75micrograms/hour transdermal patches
37385811000001100,Matrifen 100micrograms/hour transdermal patches
37391311000001106,Targinact 40mg/20mg modified-release tablets
37421211000001102,Reltebon 40mg modified-release tablets
37632111000001103,Durogesic DTrans 100micrograms/hour transdermal patches
37632811000001105,Durogesic DTrans 50micrograms/hour transdermal patches
37633011000001108,Durogesic DTrans 75micrograms/hour transdermal patches
37704711000001109,Targinact 40mg/20mg modified-release tablets
3778011000001102,Zomorph 60mg modified-release capsules
3778211000001107,MXL 60mg capsules
37974911000001105,Opiodur 50micrograms/hour transdermal patches
37975411000001101,Opiodur 75micrograms/hour transdermal patches
37975711000001107,Opiodur 100micrograms/hour transdermal patches
38099211000001109,Matrifen 50micrograms/hour transdermal patches
38099411000001108,Matrifen 75micrograms/hour transdermal patches
38099611000001106,Matrifen 100micrograms/hour transdermal patches
38100611000001106,MST Continus 60mg tablets
38152711000001105,MST Continus 60mg tablets
38153011000001104,MST Continus 100mg tablets
38153211000001109,MST Continus 200mg tablets
38158711000001108,OxyContin 60mg modified-release tablets
38169111000001109,Targinact 40mg/20mg modified-release tablets
38420311000001107,Myloxifin 40mg/20mg modified-release tablets
38802811000001102,Oxyargin 40mg/20mg modified-release tablets
3881611000001107,Zomorph 100mg modified-release capsules
3882211000001103,Morcap SR 100mg capsules
3882611000001101,MXL 90mg capsules
3882911000001107,MXL 150mg capsules
3883211000001109,MXL 120mg capsules
38911511000001104,Mezolar Matrix 50micrograms/hour transdermal patches
38911711000001109,Mezolar Matrix 75micrograms/hour transdermal patches
38911911000001106,Mezolar Matrix 100micrograms/hour transdermal patches
39122311000001105,MST Continus 60mg tablets
39122511000001104,MST Continus 100mg tablets
394011000001106,MST Continus 200mg tablets
39407211000001105,Longtec 40mg modified-release tablets
39407411000001109,Longtec 80mg modified-release tablets
39407611000001107,Longtec 120mg modified-release tablets
39585511000001109,Ationdo SR 150mg tablets
39585711000001104,Ationdo SR 200mg tablets
39585911000001102,Ationdo SR 250mg tablets
39969111000001109,Longtec 40mg modified-release tablets
4001411000001107,Palladone SR 16mg capsules
4004111000001104,Palladone SR 24mg capsules
40123311000001103,Longtec 60mg modified-release tablets
4035511000001101,Zomorph 200mg modified-release capsules
40461711000001106,Longtec 40mg modified-release tablets
40462111000001100,Longtec 60mg modified-release tablets
40462311000001103,Longtec 80mg modified-release tablets
4088311000001108,MST Continus suspension 60mg granules sachets
4088611000001103,MST Continus suspension 100mg granules sachets
4089211000001105,MST Continus suspension 200mg granules sachets
4110711000001101,Morphine 100mg modified-release granules sachets sugar free
4110811000001109,Morphine 200mg modified-release granules sachets sugar free
4110911000001104,Morphine 60mg modified-release granules sachets sugar free
4388011000001106,MXL 200mg capsules
4527211000001108,Morphgesic SR 60mg tablets
4527411000001107,Rhotard Morphine SR 60mg tablets
4527911000001104,Morphgesic SR 100mg tablets
4528311000001104,Rhotard Morphine SR 100mg tablets
9089911000001100,Durogesic DTrans 50micrograms/hour transdermal patches
9090111000001109,Durogesic DTrans 75micrograms/hour transdermal patches
9090311000001106,Durogesic DTrans 100micrograms/hour transdermal patches
93411000001103,Filnarine SR 60mg tablets
9508211000001101,Tilofyl 50micrograms/hour transdermal patches
9508511000001103,Tilofyl 75micrograms/hour transdermal patches
9508911000001105,Tilofyl 100micrograms/hour transdermal patches
9708711000001107,Fentanyl 50micrograms/hour transdermal patches
9708911000001109,Fentanyl 75micrograms/hour transdermal patches
9709111000001104,Fentanyl 100micrograms/hour transdermal patches
322672007,VMP previous to 36057211000001102
322673002,VMP previous to 36057311000001105
322696002,VMP previous to 36130911000001104
322697006,VMP previous to 36131511000001104
322714005,VMP previous to 36127711000001103
322715006,VMP previous to 36126211000001108
322716007,VMP previous to 36127011000001100
322722003,VMP previous to 36127611000001107
322723008,VMP previous to 36125811000001101
322730002,VMP previous to 36127811000001106
322731003,VMP previous to 36126611000001105
322732005,VMP previous to 36126711000001101
322733000,VMP previous to 36126911000001104
333920004,VMP previous to 36120211000001106
333921000,VMP previous to 36120311000001103
333922007,VMP previous to 36119911000001103
407896004,VMP previous to 35913811000001106
407897008,VMP previous to 35913911000001101
445146000,VMP previous to 36131311000001105
